cust_id,first_name,last_name,gender,dob,address,city,state,zipcode,country,phone_num,email
1,ADAMS,ALLEN,M,01/02/00,3262 Euclid Avenue,Longford,Kansas,67458,United States,805-252-6879,adams@gmail.com
2,ATKIN,ANDERSON,M,2/32001,2042 Andell Road,Waynesburg,Kentucky,40489,United States,615-246-6831,atkin@gmail.com
3,THOMAS,OLIVER,M,03/04/02,3778 Spruce Drive,New Wilmington,Pennsylvania,16142,United States,724-946-1278,thomas@gmail.com
4,JOSHUA,CHARLIE,F,04/05/00,4784 Roosevelt Road,Silver Lake,Wisconsin,53170,United States,620-328-3353,joshua@gmail.com
5,JAMES,CHARLIE,M,05/06/01,1718 Roosevelt Road,Cunningham,Kansas,67035,United States,909-898-9098,james@gmail.com
6,WILLIAM,DANIEL,M,06/07/02,3449 Highland Drive,Green Bay,Wisconsin,54303,United States,920-642-8144,william@gmail.com
7,DANIEL,JAMES,M,07/08/00,3489 White River Way,Salt Lake City,Utah,84111,United States,801-538-0576,daniel@gmail.com
8,WILLIAM,JAMES,M,08/09/01,2661 Woodlawn Drive,Marquette,Michigan,49855,United States,906-843-4741,william009@gmail.com
9,DANIEL,RAFITEY,M,09/10/02,3834 Buck Drive,Washington Island,Wisconsin,54246,United States,920-847-2246,daniel22@gmail.com
10,CHARLIE,RAFITEY,F,10/11/00,2944 Cerullo Road,Green Bay,Wisconsin,54303,United States,400-616-5415,charlie@gmail.com
11,BENJAMIN,SAMUEL,M,11/12/04,3262 Euclid Avenue,Longford,Kansas,67458,United States,800-252-6879,joseph@gmail.com
12,JOSEPH,GEORGE,M,01/02/00,2042 Andell Road,Waynesburg,Kentucky,40489,United States,600-246-6831,joseph@gmail.com
13,CALLUM,JOSEPH,M,2/32001,3778 Spruce Drive,New Wilmington,Pennsylvania,16142,United States,700-946-1278,callum9@gmail.com
14,GEORGE,BENJAMIN,M,03/04/02,4784 Roosevelt Road,Silver Lake,Wisconsin,53170,United States,608-328-3353,george5@gmail.com
15,JAKE,ETHAN,M,04/05/00,1718 Roosevelt Road,Cunningham,Kansas,67035,United States,600-298-9996,jake3@gmail.com
16,ALFIE,LEWIS,F,05/06/01,3834 Buck Drive,Green Bay,Wisconsin,54303,United States,920-600-8144,alfie6@gmail.com
17,LUKE,MOHAMMED,M,06/07/02,2944 Cerullo Road,Salt Lake City,Utah,84111,United States,801-500-0576,luke12@gmail.com
18,MATTHEW,JAKE,M,07/08/00,3262 Euclid Avenue,Marquette,Michigan,49855,United States,906-800-4741,mattew67@gmail.cm
19,ETHAN,DYLAN,M,08/09/01,2042 Andell Road,Washington Island,Wisconsin,54246,United States,920-800-2246,ethan8@gmail.com
20,LEWIS,JACOB,M,09/10/02,3778 Spruce Drive,Green Bay,Wisconsin,54303,United States,414-600-5415,lewis2@gmail.com
21,JACOB,LUKE,M,10/11/00,4784 Roosevelt Road,Longford,Kansas,67458,United States,805-200-6879,jacob56@gmail.com
22,MOHAMMED,CALLUM,M,11/12/04,1718 Roosevelt Road,Waynesburg,Kentucky,40489,United States,615-240-6831,mohammed3@gmail.com
23,DYLAN,ALEXANDER,M,01/02/00,3778 Spruce Drive,New Wilmington,Pennsylvania,16142,United States,724-990-1278,dylan@gmail.com
24,ALEXANDER,MATTHEW,M,2/32001,4784 Roosevelt Road,Silver Lake,Wisconsin,53170,United States,620-300-3353,alex24@gmail.com
25,RYAN,ADAMS,M,03/04/02,1718 Roosevelt Road,Cunningham,Kansas,67035,United States,620-290-9996,ryanG5@gmail.com
26,ADAM,TYLER,M,04/05/00,3449 Highland Drive,Green Bay,Wisconsin,54303,United States,920-640-8144,adam38@gmail.com
27,TYLER,HARLEY,M,05/06/01,3489 White River Way,Salt Lake City,Utah,84111,United States,801-530-0576,tyler56@gmail.com
28,HARVEY,HARLEY,M,06/07/02,2661 Woodlawn Drive,Marquette,Michigan,49855,United States,906-840-4741,harvey56@gmail.com
29,MAX,HARVEY,M,07/08/00,3834 Buck Drive,Washington Island,Wisconsin,54246,United States,920-890-2246,cameron89@gmail.com
30,CAMERON,MAX,M,08/09/01,2944 Cerullo Road,Green Bay,Wisconsin,54303,United States,400-616-5415,cameron89@gmail.com
31,LIAM,HARRISON,M,09/10/02,3262 Euclid Avenue,Longford,Kansas,67458,United States,800-252-6879,liam@gmail.com
32,JAMIE,JAYDEN,F,10/11/00,2042 Andell Road,Waynesburg,Kentucky,40489,United States,600-246-6831,jamie37@gmail.com
33,LEO,CAMERON,M,11/12/04,3778 Spruce Drive,New Wilmington,Pennsylvania,16142,United States,700-946-1278,leo90@gmail.com
34,OWEN,HENRY,M,01/02/00,4784 Roosevelt Road,Silver Lake,Wisconsin,53170,United States,600-328-3353,owen890@gmail.com
35,CONNOR,ARCHIE,M,2/32001,1718 Roosevelt Road,Cunningham,Kansas,67035,United States,600-298-9996,connor23@gmail.com
36,HARRISON,CONNOR,M,03/04/02,3449 Highland Drive,Green Bay,Wisconsin,54303,United States,900-642-8144,nathannattie@gmail.com
37,NATHAN,JAMIE,M,04/05/00,3489 White River Way,Salt Lake City,Utah,84111,United States,801-530-0576,nathannattie@gmail.com
38,BEN,MUHAMMAD,M,05/06/01,2661 Woodlawn Drive,Marquette,Michigan,49855,United States,906-840-4741,ben234@gmail.com
39,HENRY,OSCAR,M,06/07/02,3834 Buck Drive,Washington Island,Wisconsin,54246,United States,929-847-2246,henryh@gmail.com
40,ARCHIE,EDWARD,F,07/08/00,2944 Cerullo Road,Green Bay,Wisconsin,54303,United States,410-616-5415,archiea@gmail.com
41,EDWARD,LUCAS,M,08/09/01,3262 Euclid Avenue,Longford,Kansas,67458,United States,890-252-6879,edwarde@gmail.com
42,MICHAEL,ISAAC,M,09/10/02,2042 Andell Road,Waynesburg,Kentucky,40489,United States,610-246-6831,michel@gmail.com
43,AARON,LEO,M,10/11/00,3778 Spruce Drive,New Wilmington,Pennsylvania,16142,United States,724-940-1278,aaron@gmail.com
44,MUHAMMAD,OWEN,M,11/12/04,4784 Roosevelt Road,Silver Lake,Wisconsin,53170,United States,620-320-3353,muhammed@gmail.com
45,KYLE,NATHAN,F,01/02/00,1718 Roosevelt Road,Cunningham,Kansas,67035,United States,628-298-9996,kylie@gmail.com
46,NOAH,MICHAEL,F,2/32001,3449 Highland Drive,Green Bay,Wisconsin,54303,United States,929-642-8144,noah@gmail.com
47,OSCAR,FINLEY,M,03/04/02,3489 White River Way,Salt Lake City,Utah,84111,United States,881-538-0576,oscar@gmail.com
48,LUCAS,BEN,M,04/05/00,2661 Woodlawn Drive,Marquette,Michigan,49855,United States,908-843-4741,lucas@gmail.com
49,RHYS,AARON,M,05/06/01,3834 Buck Drive,Washington Island,Wisconsin,54246,United States,920-845-2246,rhys@gmail.com
50,BRADLEY,NOAH,M,06/07/02,2944 Cerullo Road,Green Bay,Wisconsin,54303,United States,414-615-5415,bradley7@gmail.com
51,MICHAEL,LEE,M,13/06/00,4586 Ritter Street,HUNTSVILLE,Alabama,35802,United States,256-227-7733,michael@gmail.com
52,DAVID,BOON,M,14/11/02,2264 Austin Road,Houston,Texas,54020,United States,514-616-5410,david11@gmail.com
53,GINO,LIM,M,09/10/00,1749 SPRING BRANCH,HOUSTON,TEXAS,77001,United States,825-634-0922,ginlim@gmail.com
54,HARRY,BROOK,M,15/12/01,1297 Congress Street,El Paso,Texas,65805,United States,671-431-0222,harrybro12@gmail.com
55,QUINTON,MARY,F,12/06/02,9527 AMBERGATE LANE,FRISCO,TEXAS,75033,United States,630-036-9991,quintm@gmail.com
56,ALIZA,JIWANI,F,09/07/01,5213 MIDSIDE CITY,TEMPE,ARIZONA,85281,United States,438-636-0087,alizaj@gmail.com
57,PETER,SALT,M,14/06/00,1978 Larimer Square,Denver,Colorado,88901,United States,987-236-4126,peter14@gmail.com
58,MARY,LORA,F,05/09/02,1200 W HARISON STREET,ILLINOIS,CHICAGO,60607,United States,432-039-2222,maryl@gmail.com
59,SCOTT,LEOPER,M,03/04/01,4901 EVERGREEN ROAD,DEARBON,MICHIGAN,48128,United States,533-269-2698,scottle@gmail.com
60,SAM,NORTHEAST,M,13/03/00,1789 Ocean Drive,Miami,Florida,59874,United States,659-364-3698,samnorth03@gmail.com
61,BILLA,CHAIO,F,14/09/00,1600 HOLLOWAY EVE,SAN FRANCISCO,CALIFORNIA,94132,United States,999-253-2692,billach@gmail.com
62,STEVEN,FINN,M,12/08/01,725 LYON AVENUE,WEST ROXBURY,MASSACHUSETTS,2132,United States,508-951-9820,steven@gmail.com
63,JOSH,BAKER,M,23/02/02,1633 SAINTS ALLEY,CLYDE,NORTH CAROLINE,28721,United States,813-610-2395,josh@gmail.com
64,TRAVIS,SCOTT,M,07/08/01,4202 E FOWLER AVE,TAMPA,FLORIDA,33620,United States,428-263-4477,Travissc@gmail.com
65,JOE,LEACH,M,25/12/00,2687 AIRPLANE AVENUE,HENNEPIN,OKLAHOMA,73444,United States,860-917-7042,joe@gmail.com
66,KENDAL,SELVA,F,31/12/01,4400 UNIVERSITY DR,FAIRFAX,VIRGINIA,22030,United States,766-920-8888,Kendase@gmail.com
67,ADAM,FINCH,M,30/11/02,3698 PeachTree Street,Atlanta,Georgia,59878,United States,236-895-5602,adamfinch30@gmail.com
68,TOM,MOORES,M,29/09/01,526 POLLING FARM ROAD,OMAHA,NEBRASKA,68114,United States,402-391-7571,tom@gmail.com
69,SAMUEL,EVANS,M,25/11/00,4948 MASONIC DRIVE,FORT BENTON,MONTANA,59442,United States,406-622-1620,samuelevans25@gmail.com
70,Richard,Johnson,M,01/12/00,3456 Highland Drive,New Wilmington,Pennsylvania,74693,United States,803-252-6879,Richard07@gmail.com
71,James,Anderson,M,05/03/01,3456 White River Way,Silver Lake,Wisconsin,65910,United States,617-246-6731,James65@gmail.com
72,Robert,Taylor,M,4/17/2002,2781 Woodlawn Drive,Cunningham,Kansas,39826,United States,726-946-1578,Robert67@gmail.com
73,Barbara,Smith,F,4/20/2000,3894 Buck Drive,Green Bay,Wisconsin,34780,United States,624-328-3653,Barbara45@gmail.com
74,Michael,Moore,M,5/29/2001,4984 Cerullo Road,Salt Lake City,Utah,23723,United States,628-298-9496,Michae04@gmail.com
75,James,Martin,M,06/11/02,3562 Euclid Avenue,Marquette,Michigan,86373,United States,923-642-8144,James63@gmail.com
76,Michael,Wilson,F,6/22/2000,2642 Andell Road,Cunningham,Wisconsin,27648,United States,801-578-0576,Michael07@gmail.com
77,James,Thomas,M,8/27/2001,3748 Roosevelt Road,Green Bay,Wisconsin,98353,United States,906-863-4741,James59@gmail.com
78,Joseph,Smith,M,09/04/02,4764 Spruce Drive,Salt Lake City,Kansas,54282,United States,920-847-2246,Joseph02@gmail.com
79,James,White,M,06/03/02,1798 Roosevelt Road,Marquette,Kentucky,54303,United States,400-617-5415,James20@gmail.com
80,HEALY,SIGA,F,30/05/02,300 COLLEGE PARK,DAYTON,OHIO,45469,United States,366-269-2696,gier24@gmail.com
81,Reily,Meridth,M,18/04/00,4352 New Avenue Park,Atlanta,New Jersy,23457,United States,987-475-8349,Reily@gmail.com
82,Rohit,Jhonson,M,19/02/01,56 Park Street,Grey Term,Washington,90341,United States,760-376-1298,Rohit@gmail.com
83,Atul,Gupta,M,11/02/00,112 Green Avenue,Green bay,Washington,2312,United States,222-333-7651,Atul@gmail.com
84,Mark,Jimberman,M,12/05/03,342 Buck Drive,Salt Lake City,Wisconsin,34780,United States,324-565-9087,Mark@gmail.com
85,Robert,Thompson,M,30/12/99,7852 Highland Drive,Fairfax,vVirginia,22030,United States,378-094-8856,Robert47@gmail.com
86,Jesica,Williams,F,21/04/01,8934 Highway Road,Las Vegas,Los Angles,43780,United States,732-980-9965,Jesica@gmail.com
87,Jearld,Hamsworth,M,29/09/00,9934 Michel Hall Way,Atlanta,New Jercy,23789,United States,334-873-4577,Jerald@gmail.com
88,Liana,Lisa,F,30/09/02,6589 New College Road,Declathon,Kentucky,54303,United States,943-348-9898,Liana@gmail.com
89,David,Thomas,M,21/07/01,765 Dany's Road,Lusy,Ohio,47839,United States,768-090-9988,David56@gmail.com
90,William,Thomas,M,02/07/02,347 East Coast,Ecr,Los Vegas,9374,United States,345-097-2356,William78@gmail.com
91,Jennifer,Brown,F,20/02/02,767 Dany's Road,Omr,CALIFORNIA,67821,United States,908-834-4589,Jenifer@gmail.com
92,John,Thompson,M,02/06/00,876 Robert Baratheon Street,Robert Baratheon Street,New Jercy,94530,United States,233-009-4567,John34@gmail.com
93,Charles,Miller,M,30/05/00,367 Jein Foster,Fairfax,Kanas,400987,United States,343-090-5650,John34@gmail.com
94,Robert,Miller,M,10/02/02,9872 New Military Road,Longford,Utah,29785,United States,234-456-6778,Robert65@gmail.com
95,David,Thompson,M,02/01/01,909 Texas Statue,Texas Statue,TEXAS,62790,United States,120-980-0099,David67@gmail.com
96,Elizabeth,Johnson,F,07/04/02,6987 Wills Road,Marquette,Los Vegas,54327,United States,298-045-5567,Elizebeth@gmail.com
97,Mary,Wilson,F,21/03/03,9123 Jeimy Memoral,Kingston,Virginia,97628,United States,239-034-4040,Marry@gmail.com
98,David,Taylor,M,04/04/00,1908 Linckon's Street,Linckon,New York,86628,United States,278-098-6498,David90@gmail.com
99,Atul,Gupta,F,20/09/00,5009 Vartican,Vartican,Michigan,45623,United States,987-093-3093,Atul@gmail..com
100,RINO,FILLER,M,28/04/00,4400 UNIVERSITY DR,FAIRFAX,VIRGINIA,22030,United States,433-325-3333,Rinor@gmail.com
101,Illiana,Martin,F,09/09/03,190 Standsford University,Atlanta,Las Vegas,9902,United States,394-045-2379,Illiana@gmail.com
102,Martinez,Daniel,M,18/09/00,830 Round Mountain,Austin,Nevada,78923,United States,650-202-2289,Martinez@gmail.com
103,Thomas,John,M,23/03/01,453 Austin Airport,Austin,Nevada,98983,United States,239-034-3923,Thomas@gmail.com
104,Martin,John,F,30/02/2002,222 Manley Hot,Minto,Alaska,23890,United States,390-340-8832,Martin@gmail.com
105,Miller,Richard,M,09/-8/2000,837 Rampart,cold Foot,Utah,7374,United States,303-844-8083,Miller@gmail.com
106,White,Michael,M,18/04/00,239 Tanana,Evansville,East Coast Road,48933,United States,662-873-8902,White@gmail.com
107,Thomas,Robert,M,23/09/01,908 Lake Munchumia,Allakaet,Washington,9837,United States,345-094-3322,Thomas@gmail.com
108,Johnson,Barbara,M,30/03/02,789 Anderson Roads,Anaktuvuk Pass,Alaska,6529,United States,987-863-4363,Johnson@gmail.com
109,Smith,Susan,M,09/08/02,998 Nena valley,Red Dog Mine,Alaska,33749,United States,637-873-3673,Smith@gmail.com
110,Thompson,Robert,M,02/03/00,89 Clear valley,Kivalina,New Jercy,37467,United States,364-037-3736,Thompson@gmail.com
111,Rodriguez,Daniel,M,02/05/00,345 Lombard Street,Kotzebue,Florida,84732,United States,737-847-8393,Rodriguez@gmail.com
112,White,Daniel,M,05/12/01,97 Maple Street,Deering,Hawai,2345,United States,738-473-2833,White@gmail.com
113,Wilson,William,M,30/09/00,387 Avenue,Buckland,Georgia,9884,United States,434-334-3233,Wilson@gmail.com
114,Lee,David,F,22/03/03,2694 Michigan Avenue,Selawik,MONTANA,98883,United States,566-567-0796,Lee@gmail.com
115,Jones,Richard,M,20/04/00,726 The Strip,Noorvik,VIRGINIA,97483,United States,526-038-9832,Jones@gmail.com
116,Taylor,John,F,18/09/00,879 Broad Way,Kiana,CALIFORNIA,88390,United States,526-038-9832,Taylor@gmail.com
117,Moore,John,F,12/09/00,90 Texas Street,Shungnak,Texas,9874,United States,343-453-0893,Moore@gmail.com
118,David,Miller,M,23/09/00,543 Roy valley,Austn,Nevada,98765,United States,345-879-2345,David@gmail.com
119,Rose,Taylor,F,03/04/00,3456 Avenue,Buckland,Georgia,78541,United States,451-980-3456,Rose@gmail.com
120,Monika,Geller,F,12/01/01,2349 Standsford University,Atlanta,Las Vegas,3421,United States,765-100-8900,Monika@gmail.com
121,joey,jonas,M,07/02/00,10031 Lake Munchumia,Allakaet,Washington,9837,United States,123-098-3456,joey@gmail.com
122,siya,Mathur,F,10/10/00,54 clear valley,Kivalina,New Jersey,3987,United States,294-839-3222,siya@gmail.com
123,Miller,Smith,M,09/03/00,833 Pine,Atlantic,New Jersy,4523,United States,294-839-3222,Miller@gmail.com
124,White,Thompson,M,04/03/01,909 View,Santa Fe,New MExico,56433,United States,893-093-2987,White@gmail.com
125,Thomas,Rodriguez,M,03/05/01,3849 Ninth,New York,New York,6456,United States,489-094-3393,Thomas@gmail.com
126,Johnson,White,M,02/04/00,3292 Lake,Raleigh,North California,6758,United States,984-093-8474,Johnson@gmail.com
127,Smith,Wilson,M,08/09/01,902 Cedar,Fargo,North Dakota,47467,United States,293-098-3844,Smith@gmail.com
128,Thompson,Lee,M,04/03/03,938 Maple,Cincinnati,Ohio,7456,United States,393-975-8575,Thompson@gmail.com
129,Rodriguez,Jones,M,05/09/00,839 Oak,Tulsa,Oklahoma,95659,United States,203-039-3848,Rodriguez@gmail.com
130,White,Taylor,M,02/03/00,3645 Elm,Portland,Oregon,95959,United States,484-038-398,White@gmail.com
131,Wilson,Moore,M,03/04/00,902 Lombard Street,Philadelphia,Pennsylvania,8484,United States,394-938-0393,Wilson@gmail.com
132,Lee,Brown,F,30/09/00,839 Congress Street,Newport,Rhode Island,9695,United States,884-444-0394,Lee@gmail.com
133,Jones,Williams,F,12/09/00,9023 Creek Street,Charleston,South California,4094,United States,948-449-9303,Jones@gmail.com
134,Taylor,Taylor,M,21/04/01,203 Second Street,Sturgis,South Dakota,9304,United States,944-934-3453,Taylor@gmail.com
135,Moore,Taylor,F,23/05/00,114 Ocean Drive,Memphis,Tennessee,3472,United States,948-858-4933,Moore@gmail.com
136,David,Martinez,M,17/06/00,023 Peach Tree Street,Atlanta,Georgia,37474,United States,495-439-4044,David@gmail.com
137,Rose,Moore,F,28/07/00,334 Michigan Ave,Chicago,Illinois,83494,United States,283-443-8759,Rose@gmail.com
138,Monika,Rodriguez,F,26/08/00,230 Eight Street,Boise,Idaho,49493,United States,404-505-9090,Monika@gmail.com
139,Miller,Williams,M,31/03/00,9032 Snake Alley,Burlington,Lowa,93288,United States,303-404-9393,Miller@gmail.com
140,White,Williams,M,22/05/01,231 Washington Street,Indianpolis,Indiana,33433,United States,903-903-4948,White@gmail.com
141,Thomas,Moore,M,12/05/00,475 Fourth Street,Louisville,Kentucky,39383,United States,494-903-3322,Thomas@gmail.com
142,Johnson,Miller,M,29/03/02,3748 Bourbon Street,New Orleans,Louisiana,83899,United States,484-948-8374,Johnson@gmail.com
143,Smith,Martin,M,21/02/02,483 Congress Street,Portland,Maine,90393,United States,948-585-8483,Smith@gmail.com
144,Thompson,Johnson,M,18/08/00,920 North Charles Street,Baltimore,Maryland,82373,United States,393-484-4849,Thompson@gmail.com
145,Rodriguez,Johnson,M,29/08/00,3838 Acron Street,Boston,Massachusetts,8839,United States,484-858-3839,Rodriguez@gmail.com
146,White,Jackson,M,03/05/03,6758 Woodware Ave,Detroit,Michigan,39839,United States,202-393-5858,White@gmail.com
147,Wilson,Davis,M,08/03/00,586 Nicollet Mall,Minneapolis,Minnesota,24832,United States,443-958-9094,Wilson@gmail.com
148,Lee,White,F,08/04/02,685 Main Street,Tupelo,Mississippi,72732,United States,484-484-999,Lee@gmail.com
149,Jones,Williams,F,04/03/01,383 The Paseo,Kanas,Missouri,34788,United States,384-855-6374,Jones@gmail.com
150,Taylor,Jones,M,02/05/00,345 Last Chance Gulch,Helena,Montana,89487,United States,747-383-4848,Taylor@gmail.com