sale_id,cust_id,first_name,address,branch_id,product_id,product_name,product_category,product_price,quantity,sales_amount,sales_date,
S01,1,ADAMS,3262 Euclid Avenue,218654,P01,parle biscuit,snack,100,2,200,2/15/2021,
S02,2,ATKIN,2042 Andell Road,289415,P02,kellogs rice krispies,snack,250,3,750,03/08/22,
S03,3,THOMAS,3778 Spruce Drive,272682,P03,oreo biscuit,snack,200,4,800,09/28/21,
S04,4,JOSHUA,4784 Roosevelt Road,275394,P04,dosritos,snack,180,2,360,06/19/21,
S05,5,JAMES,1718 Roosevelt Road,298345,P05,wellness cream fudge biscuit,snack,140,3,420,08/19/21,
S06,6,WILLIAM,3449 Highland Drive,296483,P06,fruit guzher,snack,280,5,1400,03/28/21,
S07,7,DANIEL,3489 White River Way,214563,P07,cheetos,snack,300,6,1800,03/01/22,
S08,8,WILLIAM,2661 Woodlawn Drive,284566,P08,takis,snack,250,7,1750,08/02/2021,
S09,9,DANIEL,3834 Buck Drive,274681,P09,ritz,snack,200,2,400,12/03/2021,
S10,10,CHARLIE,2944 Cerullo Road,218654,P01,parle biscuit,snack,100,4,400,3/6/2021,
S11,1,ADAMS,3262 Euclid Avenue,289415,P02,kellogs rice krispies,snack,250,5,1250,08/10/2021,
S12,2,ATKIN,2042 Andell Road,272682,P03,oreo biscuit,snack,200,8,1600,09/21/2021,
S13,3,THOMAS,3778 Spruce Drive,275394,P04,dosritos,snack,180,7,1260,01/12/22,
S14,4,JOSHUA,4784 Roosevelt Road,298345,P05,wellness cream fudge biscuit,snack,140,1,140,07/16/21,
S15,5,JAMES,1718 Roosevelt Road,296483,P06,fruit guzher,snack,280,3,840,01/01/22,
S16,6,WILLIAM,3449 Highland Drive,214563,P07,cheetos,snack,300,4,1200,09/20/21,
S17,7,DANIEL,3489 White River Way,284566,P08,takis,snack,250,9,2250,09/03/21,
S18,8,WILLIAM,2661 Woodlawn Drive,274681,P09,ritz,snack,200,7,1400,08/31/21,
S19,9,DANIEL,3834 Buck Drive,218654,P10,ruffles,snack,180,8,1440,3/7/2022,
S20,10,CHARLIE,2944 Cerullo Road,289415,P11,waffers,snack,250,5,1250,06/05/2021,
S21,21,JACOB,4784 Roosevelt Road,272682,P12,sehora moisturizer,cosmetics,200,6,1200,02/09/2021,
S22,22,MOHAMMED,1718 Roosevelt Road,275394,P13,make up setting spray,cosmetics,800,2,1600,2/28/2021,
S23,23,DYLAN,3778 Spruce Drive,298345,P14,bumble lip gloss,cosmetics,900,3,2700,03/19/2021,
S24,24,ALEXANDER,4784 Roosevelt Road,296483,P15,lip balm,cosmetics,450,4,1800,11/28/2021,
S25,25,RYAN,1718 Roosevelt Road,214563,P16,lakme nail colors,cosmetics,200,7,1400,05/07/21,
S26,26,ADAM,3449 Highland Drive,284566,P17,makeup brushes,cosmetics,200,8,1600,04/06/21,
S27,27,TYLER,3489 White River Way,274681,P18,revnett serum,cosmetics,1020,9,9180,01/11/22,
S28,28,HARVEY,2661 Woodlawn Drive,218654,P19,oliver perfume,cosmetics,2500,2,5000,11/02/21,
S29,29,MAX,3834 Buck Drive,289415,P20,lakme foundation,cosmetics,900,9,8100,11/20/2021,
S30,30,CAMERON,2944 Cerullo Road,272682,P21,jam,food,300,6,1800,9/28/2021,
S31,31,LIAM,3262 Euclid Avenue,275394,P22,bread,food,200,7,1400,02/27/2022,
S32,32,JAMIE,2042 Andell Road,298345,P23,rice,food,500,3,1500,7/21/2021,
S33,33,LEO,3778 Spruce Drive,296483,P24,dal,food,280,2,560,11/21/2021,
S34,34,OWEN,4784 Roosevelt Road,214563,P25,noodles,food,180,3,540,02/09/2021,
S35,35,CONNOR,1718 Roosevelt Road,284566,P26,meat,food,690,4,2760,01/30/2022,
S36,36,HARRISON,3449 Highland Drive,274681,P27,oil,food,290,5,1450,03/20/22,
S37,37,NATHAN,3489 White River Way,218654,P28,pasta,food,250,7,1750,08/04/21,
S38,38,BEN,2661 Woodlawn Drive,289415,P29,salad,food,150,6,900,02/14/21,
S39,39,HENRY,3834 Buck Drive,272682,P30,sauce,food,300,2,600,02/17/21,
S40,40,ARCHIE,2944 Cerullo Road,275394,P31,cereal,food,450,8,3600,11/05/21,
S41,41,EDWARD,3262 Euclid Avenue,298345,P32,coke,canned beverages,100,9,900,07/31/21,
S42,42,MICHAEL,2042 Andell Road,296483,P33,fizz,canned beverages,80,2,160,09/10/21,
S43,43,AARON,3778 Spruce Drive,214563,P25,noodles,food,180,1,180,12/02/2021,
S44,44,MUHAMMAD,4784 Roosevelt Road,284566,P26,meat,food,690,1,690,02/01/2021,
S45,45,KYLE,1718 Roosevelt Road,274681,P27,oil,food,290,3,870,07/09/2021,
S46,46,NOAH,3449 Highland Drive,218654,P50,skewer,cutlery items,60,4,240,2/17/2022,
S47,47,OSCAR,3489 White River Way,289415,P51,ceramic glasses,cutlery items,800,4,3200,04/11/2021,
S48,48,LUCAS,2661 Woodlawn Drive,272682,P52,ceramic plates,cutlery items,700,5,3500,05/28/2021,
S49,49,RHYS,3834 Buck Drive,275394,P53,sweater,garments,1500,6,9000,12/10/21,
S50,50,BRADLEY,2944 Cerullo Road,298345,P54,skirt,garments,2300,7,16100,08/24/21,
S51,51,MICHAEL,4586 Ritter Street,296483,P55,pajamas,garments,5400,8,43200,06/18/21,
S52,52,DAVID,2264 Austin Road,214563,P56,shirt,garments,500,7,3500,08/05/21,
S53,53,GINO,1749 SPRING BRANCH,284566,P57,swim wears,garments,3500,8,28000,12/13/21,
S54,54,HARRY,1297 Congress Street,274681,P58,thermal wear,garments,1500,9,13500,12/10/21,
S55,55,QUINTON,9527 AMBERGATE LANE,218654,P66,avacado,fruits,80,2,160,8/1/2021,
S56,56,ALIZA,5213 MIDSIDE CITY,289415,P67,banana,fruits,90,4,360,10/18/2021,
S57,57,PETER,1978 Larimer Square,272682,P68,tangerine,fruits,70,5,350,01/22/2022,
S58,58,MARY,1200 W HARISON STREET,275394,P69,potato,vegetables,60,6,360,7/31/2021,
S59,59,SCOTT,4901 EVERGREEN ROAD,298345,P70,carrot,vegetables,80,8,640,10/19/2021,
S60,60,SAM,1789 Ocean Drive,296483,P71,brinjal,vegetables,80,2,160,04/02/21,
S61,61,BILLA,1600 HOLLOWAY EVE,214563,P72,chilly,vegetables,50,3,150,07/11/21,
S62,62,STEVEN,725 LYON AVENUE,284566,P66,avacado,fruits,80,4,320,01/23/21,
S63,63,JOSH,1633 SAINTS ALLEY,274681,P67,banana,fruits,90,7,630,11/06/21,
S64,64,TRAVIS,4202 E FOWLER AVE,218654,P01,parle biscuit,snack,100,9,900,12/31/21,
S65,65,JOE,2687 AIRPLANE AVENUE,289415,P02,kellogs rice krispies,snack,250,8,2000,08/05/2021,
S66,66,KENDAL,4400 UNIVERSITY DR,272682,P03,oreo biscuit,snack,200,6,1200,09/27/2021,
S67,67,ADAM,3698 PeachTree Street,275394,P04,dosritos,snack,180,2,360,07/29/2021,
S68,68,TOM,526 POLLING FARM ROAD,298345,P05,wellness cream fudge biscuit,snack,140,4,560,07/25/21,
S69,69,SAMUEL,4948 MASONIC DRIVE,296483,P06,fruit guzher,snack,280,1,280,09/28/21,
S70,70,Richard,3456 Highland Drive,214563,P07,cheetos,snack,300,2,600,02/21/21,
S71,71,James,3456 White River Way,284566,P08,takis,snack,250,3,750,09/11/21,
S72,72,Robert,2781 Woodlawn Drive,274681,P09,ritz,snack,200,1,200,10/18/21,
S73,73,Barbara,3894 Buck Drive,218654,P01,parle biscuit,snack,100,2,200,04/19/2021,
S74,74,Michael,4984 Cerullo Road,289415,P02,kellogs rice krispies,snack,250,4,1000,05/01/2021,
S75,75,James,3562 Euclid Avenue,272682,P03,oreo biscuit,snack,200,1,200,02/10/2021,
S76,76,Michael,2642 Andell Road,274681,P09,ritz,snack,200,3,600,03/01/2022,
S77,77,James,3748 Roosevelt Road,218654,P01,parle biscuit,snack,100,4,400,11/23/2021,
S78,78,Joseph,4764 Spruce Drive,289415,P02,kellogs rice krispies,snack,250,5,1250,12/19/2021,
S79,79,James,1798 Roosevelt Road,272682,P03,oreo biscuit,snack,200,1,200,04/02/21,
S80,80,HEALY,300 COLLEGE PARK,275394,P04,dosritos,snack,180,1,180,08/28/21,
S81,71,James,3456 White River Way,298345,P05,wellness cream fudge biscuit,snack,140,1,140,01/28/21,
S82,72,Robert,2781 Woodlawn Drive,296483,P06,fruit guzher,snack,280,2,560,8/10/21,
S83,73,Barbara,3894 Buck Drive,214563,P07,cheetos,snack,300,2,600,02/25/2022,
S84,74,Michael,4984 Cerullo Road,284566,P08,takis,snack,250,2,500,07/09/2021,
S85,75,James,3562 Euclid Avenue,284566,P08,takis,snack,250,2,500,6/5/2021,
S86,76,Michael,2642 Andell Road,274681,P09,ritz,snack,200,3,600,12/31/2021,
S87,77,James,3748 Roosevelt Road,218654,P10,ruffles,snack,180,4,720,02/28/2022,
S88,78,Joseph,4764 Spruce Drive,289415,P11,waffers,snack,250,3,750,03/02/2022,
S89,79,James,1798 Roosevelt Road,272682,P12,sehora moisturizer,cosmetics,200,4,800,1/8/2022,
S90,80,HEALY,300 COLLEGE PARK,275394,P13,make up setting spray,cosmetics,800,3,2400,03/14/21,
S91,91,Jennifer,767 Dany's Road,298345,P14,bumble lip gloss,cosmetics,900,4,3600,02/21/22,
S92,92,John,876 Robert Baratheon Street,296483,P15,lip balm,cosmetics,450,3,1350,05/22/21,
S93,93,Charles,367 Jein Foster,214563,P16,lakme nail colors,cosmetics,200,3,600,09/15/21,
S94,94,Robert,9872 New Military Road,284566,P17,makeup brushes,cosmetics,200,3,600,03/31/21,
S95,95,David,909 Texas Statue,274681,P18,revnett serum,cosmetics,1020,4,4080,02/15/2021,
S96,96,Elizabeth,6987 Wills Road,272682,P12,sehora moisturizer,cosmetics,200,4,800,03/21/2021,
S97,97,Mary,9123 Jeimy Memoral,275394,P13,make up setting spray,cosmetics,800,4,3200,01/17/2022,
S98,98,David,1908 Linckon's Street,298345,P14,bumble lip gloss,cosmetics,900,5,4500,02/01/2022,
S99,99,Atul,5009 Vartican,296483,P15,lip balm,cosmetics,450,5,2250,12/08/2021,
S100,100,RINO,4400 UNIVERSITY DR,274681,P35,raw pressery blueberry,canned beverages,260,5,1300,7/24/2021,
S101,101,Illiana,190 Standsford University,272682,P36,cold coffee,canned beverages,340,5,1700,05/25/2021,
S102,102,Martinez,830 Round Mountain,275394,P37,aura bora,canned beverages,450,6,2700,01/30/21,
S103,103,Thomas,453 Austin Airport,298345,P38,party can,canned beverages,540,6,3240,08/02/21,
S104,104,Martin,222 Manley Hot,296483,P39,triple fuse,canned beverages,430,6,2580,02/05/21,
S105,105,Miller,837 Rampart,298345,P40,milk,diary products,65,6,390,06/09/21,
S106,106,White,239 Tanana,296483,P41,cheese,diary products,95,7,665,01/06/22,
S107,107,Thomas,908 Lake Munchumia,214563,P42,butter,diary products,105,7,735,07/10/21,
S108,108,Johnson,789 Anderson Roads,284566,P43,yogurt,diary products,120,7,840,03/29/2021,
S109,109,Smith,998 Nena valley,274681,P44,lassi,diary products,150,8,1200,05/13/2021,
,,,,,,,,,,,10/13/2021,
,,,,,,,,,,,,
,,,,,,,,,,,,
,,,,,,,,,,,,
,,,,,,,,,,,,
,,,,,,,,,,,,
,,,,,,,,,,,,
,,,,,,,,,,,,
,,,,,,,,,,,,
,,,,,,,,,,,,
,,,,,,,,,,,,
,,,,,,,,,,,,
,,,,,,,,,,,,
,,,,,,,,,,,,
,,,,,,,,,,,,
,,,,,,,,,,,,
,,,,,,,,,,,,
,,,,,,,,,,,,
,,,,,,,,,,,,
,,,,,,,,,,,,
,,,,,,,,,,,,
,,,,,,,,,,,,
,,,,,,,,,,,,
,,,,,,,,,,,,
,,,,,,,,,,,,
,,,,,,,,,,,,
,,,,,,,,,,,,
,,,,,,,,,,,,
,,,,,,,,,,,,
,,,,,,,,,,,,
,,,,,,,,,,,,
,,,,,,,,,,,,
,,,,,,,,,,,,
,,,,,,,,,,,,
,,,,,,,,,,,,
,,,,,,,,,,,,
,,,,,,,,,,,,
,,,,,,,,,,,,
,,,,,,,,,,,,
,,,,,,,,,,,,
,,,,,,,,,,,,