cust_id,first_name,last_name,gender,dob,address,city,state,zipcode,country,phone_num,email
1,ADAMS,ALLEN,M,2014-01-30,3262 Euclid Avenue,Longford,Kansas,67458,United States,805-252-6879,adams@gmail.com
2,ATKIN,ANDERSON,M,2019-09-12,2042 Andell Road,Waynesburg,Kentucky,40489,United States,615-246-6831,atkin@gmail.com
3,THOMAS,OLIVER,M,1998-08-11,3778 Spruce Drive,New Wilmington,Pennsylvania,16142,United States,724-946-1278,thomas@gmail.com
4,JOSHUA,CHARLIE,F,2004-10-02,4784 Roosevelt Road,Silver Lake,Wisconsin,53170,United States,620-328-3353,joshua@gmail.com
5,JAMES,CHARLIE,M,2010-10-01,1718 Roosevelt Road,Cunningham,Kansas,67035,United States,NA,james@gmail.com
6,WILLIAM,DANIEL,M,1997-10-21,3449 Highland Drive,Green Bay,Wisconsin,54303,United States,920-642-8144,william@gmail.com
7,DANIEL,JAMES,M,2000-01-09,3489 White River Way,Salt Lake City,Utah,84111,United States,801-538-0576,daniel@gmail.com
8,WILLIAM,JAMES,M,2009-07-11,2661 Woodlawn Drive,Marquette,Michigan,49855,United States,906-843-4741,william009@gmail.com
9,DANIEL,RAFITEY,M,2015-12-07,3834 Buck Drive,Washington Island,Wisconsin,54246,United States,920-847-2246,daniel22@gmail.com
10,CHARLIE,NA,F,2009-04-08,2944 Cerullo Road,Green Bay,Wisconsin,54303,United States,400-616-5415,charlie@gmail.com
11,BENJAMIN,SAMUEL,M,2000-06-23,3262 Euclid Avenue,3262 Euclid Avenue,Kansas,67458,United States,800-252-6879,NA
12,JOSEPH,GEORGE,M,1992-01-02,2042 Andell Road,Waynesburg,Kentucky,40489,United States,600-246-6831,joseph@gmail.com
13,CALLUM,JOSEPH,M,2005-12-02,3778 Spruce Drive,New Wilmington,Pennsylvania,16142,United States,700-946-1278,callum9@gmail.com
14,GEORGE,BENJAMIN,M,1992-01-16,4784 Roosevelt Road,Silver Lake,Wisconsin,53170,United States,608-328-3353,george5@gmail.com
15,JAKE,ETHAN,M,2014-03-16,1718 Roosevelt Road,Cunningham,Kansas,67035,United States,600-298-9996,jake3@gmail.com
16,ALFIE,LEWIS,F,1992-10-12,3834 Buck Drive,Green Bay,Wisconsin,54303,United States,920-600-8144,alfie6@gmail.com
17,LUKE,MOHAMMED,M,2016-01-26,2944 Cerullo Road,Salt Lake City,Utah,84111,United States,801-500-0576,luke12@gmail.com
18,MATTHEW,JAKE,M,1995-11-13,3262 Euclid Avenue,Marquette,Michigan,49855,United States,906-800-4741,mattew67@gmail.cm
19,ETHAN,DYLAN,M,2000-07-12,2042 Andell Road,Washington Island,Wisconsin,54246,United States,920-800-2246,ethan8@gmail.com
20,LEWIS,JACOB,M,2002-06-11,3778 Spruce Drive,Green Bay,Wisconsin,54303,United States,414-600-5415,lewis2@gmail.com
21,JACOB,LUKE,M,2019-11-13,4784 Roosevelt Road,Longford,Kansas,67458,United States,805-200-6879,jacob56@gmail.com
22,MOHAMMED,CALLUM,M,2000-08-23,1718 Roosevelt Road,Waynesburg,Kentucky,40489,United States,615-240-6831,mohammed3@gmail.com
23,DYLAN,ALEXANDER,M,2005-12-03,3778 Spruce Drive,New Wilmington,Pennsylvania,16142,United States,724-990-1278,dylan@gmail.com
24,ALEXANDER,MATTHEW,M,1994-05-05,4784 Roosevelt Road,Silver Lake,Wisconsin,53170,United States,620-300-3353,alex24@gmail.com
25,RYAN,ADAMS,M,2016-09-08,1718 Roosevelt Road,Cunningham,Kansas,67035,United States,620-290-9996,ryanG5@gmail.com
26,ADAM,TYLER,M,2020-04-09,3449 Highland Drive,Green Bay,Wisconsin,54303,United States,920-640-8144,adam38@gmail.com
27,TYLER,HARLEY,M,1991-03-25,3489 White River Way,Salt Lake City,Utah,84111,United States,801-530-0576,tyler56@gmail.com
28,HARVEY,NA,M,1999-10-16,2661 Woodlawn Drive,Marquette,Michigan,49855,United States,906-840-4741,harvey56@gmail.com
29,MAX,HARVEY,M,2006-10-08,3834 Buck Drive,Washington Island,Wisconsin,54246,United States,920-890-2246,NA
30,CAMERON,MAX,M,2012-10-01,2944 Cerullo Road,Green Bay,Wisconsin,54303,United States,400-616-5415,cameron89@gmail.com
31,LIAM,HARRISON,M,2017-05-23,3262 Euclid Avenue,Longford,Kansas,67458,United States,800-252-6879,liam@gmail.com
32,JAMIE,JAYDEN,F,2001-07-17,2042 Andell Road,Waynesburg,Kentucky,40489,United States,600-246-6831,jamie37@gmail.com
33,LEO,CAMERON,M,1992-07-04,3778 Spruce Drive,New Wilmington,Pennsylvania,16142,United States,700-946-1278,leo90@gmail.com
34,OWEN,HENRY,M,1995-11-05,4784 Roosevelt Road,Silver Lake,Wisconsin,53170,United States,600-328-3353,owen890@gmail.com
35,CONNOR,ARCHIE,M,2005-11-18,1718 Roosevelt Road,Cunningham,Kansas,67035,United States,600-298-9996,connor23@gmail.com
36,HARRISON,CONNOR,M,2009-09-07,3449 Highland Drive,Green Bay,Wisconsin,54303,United States,900-642-8144,NA
37,NATHAN,JAMIE,M,2010-01-30,3489 White River Way,Salt Lake City,Utah,84111,United States,801-530-0576,nathannattie@gmail.com
38,BEN,MUHAMMAD,M,2016-11-11,2661 Woodlawn Drive,Marquette,Michigan,49855,United States,906-840-4741,ben234@gmail.com
39,HENRY,OSCAR,M,2020-02-12,3834 Buck Drive,Washington Island,Wisconsin,54246,United States,929-847-2246,henryh@gmail.com
40,ARCHIE,EDWARD,F,2003-03-26,2944 Cerullo Road,Green Bay,Wisconsin,54303,United States,410-616-5415,archiea@gmail.com
41,EDWARD,LUCAS,M,2002-12-13,3262 Euclid Avenue,Longford,Kansas,67458,United States,890-252-6879,edwarde@gmail.com
42,MICHAEL,ISAAC,M,1994-08-28,2042 Andell Road,Waynesburg,Kentucky,40489,United States,610-246-6831,michel@gmail.com
43,AARON,LEO,M,2003-01-07,3778 Spruce Drive,New Wilmington,Pennsylvania,16142,United States,724-940-1278,aaron@gmail.com
44,MUHAMMAD,OWEN,M,2015-02-27,4784 Roosevelt Road,Silver Lake,Wisconsin,53170,United States,620-320-3353,muhammed@gmail.com
45,KYLE,NATHAN,F,2016-08-06,1718 Roosevelt Road,Cunningham,Kansas,67035,United States,628-298-9996,kylie@gmail.com
46,NOAH,MICHAEL,F,2017-02-25,3449 Highland Drive,Green Bay,Wisconsin,54303,United States,929-642-8144,noah@gmail.com
47,OSCAR,FINLEY,M,2003-08-17,3489 White River Way,Salt Lake City,Utah,84111,United States,881-538-0576,oscar@gmail.com
48,LUCAS,BEN,M,1990-06-19,2661 Woodlawn Drive,Marquette,Michigan,49855,United States,908-843-4741,lucas@gmail.com
49,RHYS,AARON,M,2003-04-24,3834 Buck Drive,Washington Island,Wisconsin,54246,United States,920-845-2246,rhys@gmail.com
50,BRADLEY,NOAH,M,1991-04-27,2944 Cerullo Road,Green Bay,Wisconsin,54303,United States,414-615-5415,bradley7@gmail.com
51,MICHAEL,LEE,M,1996-04-09,4586 Ritter Street,HUNTSVILLE,Alabama,35802,United States,256-227-7733,michael@gmail.com
52,DAVID,BOON,M,2021-11-12,2264 Austin Road,Houston,TEXAS,54020,United States,514-616-5410,david11@gmail.com
53,GINO,LIM,M,2007-01-09,1749 SPRING BRANCH,HOUSTON,TEXAS,77001,United States,825-634-0922,ginlim@gmail.com
54,HARRY,BROOK,M,2017-06-14,1297 Congress Street,El Paso,TEXAS,65805,United States,671-431-0222,harrybro12@gmail.com
55,QUINTON,MARY,F,2003-03-03,9527 AMBERGATE LANE,FRISCO,TEXAS,75033,United States,630-036-9991,quintm@gmail.com
56,ALIZA,JIWANI,F,2018-11-24,5213 MIDSIDE CITY,TEMPE,ARIZONA,85281,United States,438-636-0087,alizaj@gmail.com
57,PETER,SALT,M,2004-03-12,1978 Larimer Square,Denver,Colorado,88901,United States,987-236-4126,peter14@gmail.com
58,MARY,LORA,F,2005-06-16,1200 W HARISON STREET,ILLINOIS,CHICAGO,60607,United States,432-039-2222,maryl@gmail.com
59,SCOTT,LEOPER,M,2003-05-12,4901 EVERGREEN ROAD,DEARBON,Michigan,48128,United States,533-269-2698,scottle@gmail.com
60,SAM,NORTHEAST,M,2007-02-15,1789 Ocean Drive,Miami,Florida,59874,United States,659-364-3698,samnorth03@gmail.com
61,BILLA,CHAIO,F,1993-09-25,1600 HOLLOWAY EVE,SAN FRANCISCO,CALIFORNIA,94132,United States,999-253-2692,billach@gmail.com
62,STEVEN,FINN,M,1990-04-08,725 LYON AVENUE,WEST ROXBURY,MASSACHUSETTS,2132,United States,508-951-9820,steven@gmail.com
63,JOSH,BAKER,M,2003-04-06,1633 SAINTS ALLEY,CLYDE,NORTH CAROLINE,28721,United States,813-610-2395,josh@gmail.com
64,TRAVIS,SCOTT,M,2004-08-16,4202 E FOWLER AVE,TAMPA,Florida,33620,United States,428-263-4477,Travissc@gmail.com
65,JOE,LEACH,M,2005-05-20,2687 AIRPLANE AVENUE,HENNEPIN,OKLAHOMA,73444,United States,860-917-7042,joe@gmail.com
66,KENDAL,SELVA,F,2015-07-30,4400 UNIVERSITY DR,FAIRFAX,VIRGINIA,22030,United States,766-920-8888,Kendase@gmail.com
67,ADAM,FINCH,M,2016-02-16,3698 PeachTree Street,Atlanta,Georgia,59878,United States,236-895-5602,adamfinch30@gmail.com
68,TOM,MOORES,M,2003-02-17,526 POLLING FARM ROAD,OMAHA,NEBRASKA,68114,United States,402-391-7571,tom@gmail.com
69,SAMUEL,EVANS,M,2008-09-15,4948 MASONIC DRIVE,FORT BENTON,MONTANA,59442,United States,406-622-1620,samuelevans25@gmail.com
70,Richard,Johnson,M,2002-08-20,3456 Highland Drive,New Wilmington,Pennsylvania,74693,United States,803-252-6879,Richard07@gmail.com
71,James,Anderson,M,1997-02-18,3456 White River Way,Silver Lake,Wisconsin,65910,United States,617-246-6731,James65@gmail.com
72,Robert,Taylor,M,2007-09-04,2781 Woodlawn Drive,Cunningham,Kansas,39826,United States,726-946-1578,Robert67@gmail.com
73,Barbara,Smith,F,2008-12-21,3894 Buck Drive,Green Bay,Wisconsin,34780,United States,624-328-3653,Barbara45@gmail.com
74,Michael,Moore,M,2016-11-30,4984 Cerullo Road,Salt Lake City,Utah,23723,United States,628-298-9496,Michae04@gmail.com
75,James,Martin,M,1994-01-20,3562 Euclid Avenue,Marquette,Michigan,86373,United States,923-642-8144,James63@gmail.com
76,Michael,Wilson,F,2011-08-06,2642 Andell Road,Cunningham,Wisconsin,27648,United States,801-578-0576,Michael07@gmail.com
77,James,Thomas,M,1992-08-26,3748 Roosevelt Road,Green Bay,Wisconsin,98353,United States,906-863-4741,James59@gmail.com
78,Joseph,Smith,M,1994-12-08,4764 Spruce Drive,Salt Lake City,Kansas,54282,United States,920-847-2246,Joseph02@gmail.com
79,James,White,M,2017-02-17,1798 Roosevelt Road,Marquette,Kentucky,54303,United States,400-617-5415,James20@gmail.com
80,HEALY,SIGA,F,2002-09-16,300 COLLEGE PARK,DAYTON,Ohio,45469,United States,366-269-2696,gier24@gmail.com
81,Reily,Meridth,M,2013-03-10,4352 New Avenue Park,Atlanta,New Jercy,23457,United States,987-475-8349,Reily@gmail.com
82,Rohit,Jhonson,M,2014-10-15,56 Park Street,Grey Term,Washington,90341,United States,760-376-1298,Rohit@gmail.com
83,Atul,Gupta,M,2006-10-18,112 Green Avenue,Green bay,Washington,2312,United States,222-333-7651,Atul@gmail.com
84,Mark,Jimberman,M,2000-10-19,342 Buck Drive,Salt Lake City,Wisconsin,34780,United States,324-565-9087,Mark@gmail.com
85,Robert,Thompson,M,2010-07-30,7852 Highland Drive,Fairfax,Virginia,22030,United States,378-094-8856,Robert47@gmail.com
86,Jesica,Williams,F,2014-10-01,8934 Highway Road,Las Vegas,Los Angles,43780,United States,732-980-9965,Jesica@gmail.com
87,Jearld,Hamsworth,M,2018-11-05,9934 Michel Hall Way,Atlanta,New Jercy,23789,United States,334-873-4577,Jerald@gmail.com
88,Liana,Lisa,F,2007-10-16,6589 New College Road,Declathon,Kentucky,54303,United States,NA,Liana@gmail.com
89,David,Thomas,M,2002-05-14,765 Dany's Road,Lusy,Ohio,47839,United States,768-090-9988,David56@gmail.com
90,William,Thomas,M,2009-03-02,347 East Coast,Ecr,Los Vegas,9374,United States,345-097-2356,William78@gmail.com
91,Jennifer,Brown,F,2011-11-04,767 Dany's Road,Omr,CALIFORNIA,67821,United States,908-834-4589,Jenifer@gmail.com
92,John,Thompson,M,1998-07-02,876 Robert Baratheon Street,Robert Baratheon Street,New Jercy,94530,United States,233-009-4567,John34@gmail.com
93,Charles,Miller,M,2000-07-10,367 Jein Foster,Fairfax,Kanas,400987,United States,343-090-5650,NA
94,Robert,NA,M,2002-11-06,9872 New Military Road,Longford,Utah,29785,United States,234-456-6778,Robert65@gmail.com
95,David,Thompson,M,2013-02-20,909 Texas Statue,Texas Statue,TEXAS,62790,United States,120-980-0099,David67@gmail.com
96,Elizabeth,Johnson,F,2018-09-06,6987 Wills Road,Marquette,Los Vegas,54327,United States,298-045-5567,Elizebeth@gmail.com
97,Mary,Wilson,F,1992-02-28,9123 Jeimy Memoral,Kingston,Virginia,97628,United States,239-034-4040,Marry@gmail.com
98,David,Taylor,M,2016-06-05,1908 Linckon's Street,Linckon,New York,86628,United States,278-098-6498,David90@gmail.com
99,Atul,Gupta,F,2002-12-21,5009 Vartican,Vartican,Michigan,45623,United States,987-093-3093,Atul@gmail..com
100,RINO,FILLER,M,2007-02-18,4400 UNIVERSITY DR,FAIRFAX,VIRGINIA,22030,United States,433-325-3333,Rinor@gmail.com
101,Illiana,Martin,F,2009-12-09,190 Standsford University,Atlanta,Los Vegas,9902,United States,394-045-2379,Illiana@gmail.com
102,Martinez,Daniel,M,2002-07-26,830 Round Mountain,Austin,Nevada,78923,United States,650-202-2289,Martinez@gmail.com
103,Thomas,John,M,2019-05-01,453 Austin Airport,Austin,Nevada,98983,United States,239-034-3923,Thomas@gmail.com
104,Martin,John,F,2020-01-21,222 Manley Hot,Minto,Alaska,23890,United States,390-340-8832,Martin@gmail.com
105,Miller,Richard,M,2000-06-23,837 Rampart,cold Foot,Utah,7374,United States,303-844-8083,Miller@gmail.com
106,White,Michael,M,2015-07-08,239 Tanana,Evansville,East Coast Road,48933,United States,662-873-8902,White@gmail.com
107,Thomas,Robert,M,2011-04-21,908 Lake Munchumia,Allakaet,Washington,9837,United States,345-094-3322,Thomas@gmail.com
108,Johnson,Barbara,M,1996-10-20,789 Anderson Roads,Anaktuvuk Pass,Alaska,6529,United States,987-863-4363,Johnson@gmail.com
109,Smith,Susan,M,2013-03-12,998 Nena valley,Red Dog Mine,Alaska,33749,United States,637-873-3673,Smith@gmail.com
110,Thompson,Robert,M,2008-07-03,89 Clear valley,Kivalina,New Jercy,37467,United States,364-037-3736,Thompson@gmail.com
111,Rodriguez,Daniel,M,1985-05-06,345 Lombard Street,Kotzebue,Florida,84732,United States,737-847-8393,Rodriguez@gmail.com
112,White,NA,M,2000-03-15,97 Maple Street,Deering,Hawai,2345,United States,738-473-2833,White@gmail.com
113,Wilson,William,M,1988-01-07,387 Avenue,Buckland,Georgia,9884,United States,434-334-3233,Wilson@gmail.com
114,Lee,David,F,1990-02-03,2694 Michigan Avenue,Selawik,MONTANA,98883,United States,566-567-0796,Lee@gmail.com
115,Jones,Richard,M,1980-10-06,726 The Strip,Noorvik,VIRGINIA,97483,United States,NA,Jones@gmail.com
116,Taylor,John,F,1996-08-31,879 Broad Way,Kiana,CALIFORNIA,88390,United States,526-038-9832,Taylor@gmail.com
117,Moore,John,F,2003-11-28,90 Texas Street,Shungnak,TEXAS,9874,United States,343-453-0893,Moore@gmail.com
118,David,Miller,M,2002-03-22,543 Roy valley,Austn,Nevada,98765,United States,345-879-2345,David@gmail.com
119,Rose,Taylor,F,1987-06-07,3456 Avenue,Buckland,Georgia,78541,United States,451-980-3456,Rose@gmail.com
120,Monika,Geller,F,1999-12-22,2349 Standsford University,Atlanta,Los Vegas,3421,United States,765-100-8900,Monika@gmail.com
121,joey,jonas,M,1996-08-24,10031 Lake Munchumia,Allakaet,Washington,9837,United States,123-098-3456,joey@gmail.com
122,siya,Mathur,F,1985-10-23,54 clear valley,Kivalina,New Jercy,3987,United States,NA,siya@gmail.com
123,Miller,Smith,M,2005-01-25,833 Pine,Atlantic,New Jercy,4523,United States,294-839-3222,Miller@gmail.com
124,White,Thompson,M,1985-06-13,909 View,Santa Fe,New MExico,56433,United States,893-093-2987,White@gmail.com
125,Thomas,Rodriguez,M,1989-09-28,3849 Ninth,New York,New York,6456,United States,489-094-3393,Thomas@gmail.com
126,Johnson,White,M,2002-02-14,3292 Lake,Raleigh,North California,6758,United States,984-093-8474,Johnson@gmail.com
127,Smith,Wilson,M,2000-12-16,902 Cedar,Fargo,North Dakota,47467,United States,293-098-3844,Smith@gmail.com
128,Thompson,Lee,M,1996-01-06,938 Maple,Cincinnati,Ohio,7456,United States,393-975-8575,Thompson@gmail.com
129,Rodriguez,Jones,M,1995-10-27,839 Oak,Tulsa,OKLAHOMA,95659,United States,203-039-3848,Rodriguez@gmail.com
130,White,Taylor,M,1984-07-09,3645 Elm,Portland,Oregon,95959,United States,484-038-398,White@gmail.com
131,Wilson,Moore,M,1987-07-03,902 Lombard Street,Philadelphia,Pennsylvania,8484,United States,394-938-0393,Wilson@gmail.com
132,Lee,Brown,F,1982-06-10,839 Congress Street,Newport,Rhode Island,9695,United States,884-444-0394,Lee@gmail.com
133,Jones,Williams,F,1982-01-28,9023 Creek Street,Charleston,South California,4094,United States,948-449-9303,Jones@gmail.com
134,Taylor,Taylor,M,1992-02-27,203 Second Street,Sturgis,South Dakota,9304,United States,944-934-3453,Taylor@gmail.com
135,Moore,NA,F,1983-07-04,114 Ocean Drive,Memphis,Tennessee,3472,United States,948-858-4933,Moore@gmail.com
136,David,Martinez,M,2000-04-11,023 Peach Tree Street,Atlanta,Georgia,37474,United States,495-439-4044,David@gmail.com
137,Rose,Moore,F,1991-07-29,334 Michigan Ave,Chicago,Illinois,83494,United States,283-443-8759,Rose@gmail.com
138,Monika,Rodriguez,F,1986-08-07,230 Eight Street,Boise,Idaho,49493,United States,404-505-9090,Monika@gmail.com
139,Miller,Williams,M,1980-04-07,9032 Snake Alley,Burlington,Lowa,93288,United States,303-404-9393,Miller@gmail.com
140,White,Williams,M,1990-01-07,231 Washington Street,Indianpolis,Indiana,33433,United States,903-903-4948,White@gmail.com
141,Thomas,Moore,M,1992-01-05,475 Fourth Street,Louisville,Kentucky,39383,United States,494-903-3322,Thomas@gmail.com
142,Johnson,Miller,M,2000-10-03,3748 Bourbon Street,New Orleans,Louisiana,83899,United States,484-948-8374,Johnson@gmail.com
143,Smith,Martin,M,1985-09-24,483 Congress Street,Portland,Maine,90393,United States,948-585-8483,Smith@gmail.com
144,Thompson,Johnson,M,1992-05-08,920 North Charles Street,Baltimore,Maryland,82373,United States,393-484-4849,Thompson@gmail.com
145,Rodriguez,NA,M,1989-11-23,3838 Acron Street,Boston,MASSACHUSETTS,8839,United States,484-858-3839,Rodriguez@gmail.com
146,White,Jackson,M,1991-04-10,6758 Woodware Ave,Detroit,Michigan,39839,United States,202-393-5858,White@gmail.com
147,Wilson,Davis,M,1988-01-10,586 Nicollet Mall,Minneapolis,Minnesota,24832,United States,443-958-9094,Wilson@gmail.com
148,Lee,White,F,1990-02-15,685 Main Street,Tupelo,Mississippi,72732,United States,484-484-999,Lee@gmail.com
149,Jones,Williams,F,1981-05-04,383 The Paseo,Kanas,Missouri,34788,United States,384-855-6374,Jones@gmail.com
150,Taylor,Jones,M,1991-11-02,345 Last Chance Gulch,Helena,MONTANA,89487,United States,747-383-4848,Taylor@gmail.com