sale_id,cust_id,branch_id,product_id,product_name,product_category,product_price,quantity,sales_amount,sales_date
S01,1,218654,P01,parle biscuit,snack,100,2,200,01/07/21
S02,2,289415,P02,kellogs rice krispies,snack,250,3,750,19/04/21
S03,3,272682,P03,oreo biscuit,snack,200,4,800,30/10/21
S04,4,275394,P04,dosritos,snack,180,2,360,10/12/21
S05,5,298345,P05,wellness cream fudge biscuit,snack,140,3,420,27/02/21
S06,6,296483,P06,fruit guzher,snack,280,5,1400,30/03/21
S07,7,214563,P07,cheetos,snack,300,6,1800,14/06/21
S08,8,284566,P08,takis,snack,250,7,1750,18/08/21
S09,9,274681,P09,ritz,snack,200,2,400,02/02/21
S10,10,218654,P01,parle biscuit,snack,100,4,400,16/07/21
S11,1,289415,P02,kellogs rice krispies,snack,250,5,1250,31/08/21
S12,2,272682,P03,oreo biscuit,snack,200,8,1600,15/05/21
S13,3,275394,P04,dosritos,snack,180,7,1260,01/06/21
S14,4,298345,P05,wellness cream fudge biscuit,snack,140,1,140,12/03/21
S15,5,296483,P06,fruit guzher,snack,280,3,840,18/08/21
S16,6,214563,P07,cheetos,snack,300,4,1200,05/05/21
S17,7,284566,P08,takis,snack,250,9,2250,11/08/21
S18,8,274681,P09,ritz,snack,200,7,1400,20/06/21
S19,9,218654,P10,ruffles,snack,180,8,1440,07/08/21
S20,10,289415,P11,waffers,snack,250,5,1250,21/08/21
S21,21,272682,P12,sehora moisturizer,cosmetics,200,6,1200,18/03/21
S22,22,275394,P13,make up setting spray,cosmetics,800,2,1600,06/03/21
S23,23,298345,P14,bumble lip gloss,cosmetics,900,3,2700,14/06/21
S24,24,296483,P15,lip balm,cosmetics,450,4,1800,15/06/21
S25,25,214563,P16,lakme nail colors,cosmetics,200,7,1400,26/11/21
S26,26,284566,P17,makeup brushes,cosmetics,200,8,1600,15/02/21
S27,27,274681,P18,revnett serum,cosmetics,1020,9,9180,27/02/21
S28,28,218654,P19,oliver perfume,cosmetics,2500,2,5000,21/11/21
S29,29,289415,P20,lakme foundation,cosmetics,900,9,8100,20/01/21
S30,30,272682,P21,jam,food,300,6,1800,22/05/21
S31,31,275394,P22,bread,food,200,7,1400,25/02/21
S32,32,298345,P23,rice,food,500,3,1500,13/06/21
S33,33,296483,P24,dal,food,280,2,560,12/08/21
S34,34,214563,P25,noodles,food,180,3,540,17/09/21
S35,35,284566,P26,meat,food,690,4,2760,27/03/21
S36,36,274681,P27,oil,food,290,5,1450,22/07/21
S37,37,218654,P28,pasta,food,250,7,1750,01/10/21
S38,38,289415,P29,salad,food,150,6,900,20/11/21
S39,39,272682,P30,sauce,food,300,2,600,09/06/21
S40,40,275394,P31,cereal,food,450,8,3600,23/01/21
S41,41,298345,P32,coke,canned beverages,100,9,900,14/12/21
S42,42,296483,P33,fizz,canned beverages,80,2,160,07/05/21
S43,43,214563,P25,noodles,food,180,1,180,25/09/21
S44,44,284566,P26,meat,food,690,1,690,16/10/21
S45,45,274681,P27,oil,food,290,3,870,11/08/21
S46,46,218654,P50,skewer,cutlery items,60,4,240,28/02/21
S47,47,289415,P51,ceramic glasses,cutlery items,800,4,3200,29/10/21
S48,48,272682,P52,ceramic plates,cutlery items,700,5,3500,19/12/21
S49,49,275394,P53,sweater,garments,1500,6,9000,09/09/21
S50,50,298345,P54,skirt,garments,2300,7,16100,06/04/21
S51,51,296483,P55,pajamas,garments,5400,8,43200,29/12/21
S52,52,214563,P56,shirt,garments,500,7,3500,24/10/21
S53,53,284566,P57,swim wears,garments,3500,8,28000,15/06/21
S54,54,274681,P58,thermal wear,garments,1500,9,13500,01/05/21
S55,55,218654,P66,avacado,fruits,80,2,160,23/07/21
S56,56,289415,P67,banana,fruits,90,4,360,26/09/21
S57,57,272682,P68,tangerine,fruits,70,5,350,25/01/21
S58,58,275394,P69,potato,vegetables,60,6,360,23/10/21
S59,59,298345,P70,carrot,vegetables,80,8,640,01/02/21
S60,60,296483,P71,brinjal,vegetables,80,2,160,15/12/21
S61,61,214563,P72,chilly,vegetables,50,3,150,06/09/21
S62,62,284566,P66,avacado,fruits,80,4,320,16/06/21
S63,63,274681,P67,banana,fruits,90,7,630,04/11/21
S64,64,218654,P01,parle biscuit,snack,100,9,900,12/05/21
S65,65,289415,P02,kellogs rice krispies,snack,250,8,2000,08/02/21
S66,66,272682,P03,oreo biscuit,snack,200,6,1200,20/06/21
S67,67,275394,P04,dosritos,snack,180,2,360,03/03/21
S68,68,298345,P05,wellness cream fudge biscuit,snack,140,4,560,28/04/21
S69,69,296483,P06,fruit guzher,snack,280,1,280,31/07/21
S70,70,214563,P07,cheetos,snack,300,2,600,11/12/21
S71,71,284566,P08,takis,snack,250,3,750,22/03/21
S72,72,274681,P09,ritz,snack,200,1,200,24/03/21
S73,73,218654,P01,parle biscuit,snack,100,2,200,10/06/21
S74,74,289415,P02,kellogs rice krispies,snack,250,4,1000,03/02/21
S75,75,272682,P03,oreo biscuit,snack,200,1,200,28/05/21
S76,76,274681,P09,ritz,snack,200,3,600,20/04/21
S77,77,218654,P01,parle biscuit,snack,100,4,400,23/11/21
S78,78,289415,P02,kellogs rice krispies,snack,250,5,1250,07/04/21
S79,79,272682,P03,oreo biscuit,snack,200,1,200,16/07/21
S80,80,275394,P04,dosritos,snack,180,1,180,05/10/21
S81,71,298345,P05,wellness cream fudge biscuit,snack,140,1,140,06/08/21
S82,72,296483,P06,fruit guzher,snack,280,2,560,18/04/21
S83,73,214563,P07,cheetos,snack,300,2,600,11/08/21
S84,74,284566,P08,takis,snack,250,2,500,12/05/21
S85,75,284566,P08,takis,snack,250,2,500,14/04/21
S86,76,274681,P09,ritz,snack,200,3,600,10/12/21
S87,77,218654,P10,ruffles,snack,180,4,720,26/03/21
S88,78,289415,P11,waffers,snack,250,3,750,07/02/21
S89,79,272682,P12,sehora moisturizer,cosmetics,200,4,800,23/02/21
S90,80,275394,P13,make up setting spray,cosmetics,800,3,2400,05/03/21
S91,91,298345,P14,bumble lip gloss,cosmetics,900,4,3600,31/05/21
S92,92,296483,P15,lip balm,cosmetics,450,3,1350,04/08/21
S93,93,214563,P16,lakme nail colors,cosmetics,200,3,600,29/07/21
S94,94,284566,P17,makeup brushes,cosmetics,200,3,600,25/07/21
S95,95,274681,P18,revnett serum,cosmetics,1020,4,4080,14/04/21
S96,96,272682,P12,sehora moisturizer,cosmetics,200,4,800,19/03/21
S97,97,275394,P13,make up setting spray,cosmetics,800,4,3200,04/08/21
S98,98,298345,P14,bumble lip gloss,cosmetics,900,5,4500,18/02/21
S99,99,296483,P15,lip balm,cosmetics,450,5,2250,15/10/21
S100,100,274681,P35,raw pressery blueberry,canned beverages,260,5,1300,26/10/21
S101,101,272682,P36,cold coffee,canned beverages,340,5,1700,20/04/21
S102,102,275394,P37,aura bora,canned beverages,450,6,2700,02/04/21
S103,103,298345,P38,party can,canned beverages,540,6,3240,28/08/21
S104,104,296483,P39,triple fuse,canned beverages,430,6,2580,11/07/21
S105,105,298345,P40,milk,diary products,65,6,390,01/07/21
S106,106,296483,P41,cheese,diary products,95,7,665,02/12/21
S107,107,214563,P42,butter,diary products,105,7,735,12/10/21
S108,108,284566,P43,yogurt,diary products,120,7,840,27/03/21
S109,109,274681,P44,lassi,diary products,150,8,1200,15/01/21
,,,,,,,,,